ts,price_y,volume_y,price_x,volume_x,spread,zscore,corr
16-12-2025 14:38,86279.10042,0.05852,2926.802,5.3573,2547.354646,0.582320321,0.983403706
16-12-2025 14:38,86279.10875,0.07146,2926.81,1.0442,2547.13411,0.543946444,0.982767288
16-12-2025 14:38,86279.11,0.47555,2926.82,0.4069,2546.849274,0.505879872,0.982050953
16-12-2025 14:38,86279.10667,0.01099,2926.8175,0.6168,2546.917462,0.481483652,0.983659116
16-12-2025 14:38,86279.11,0.00036,2926.82,0.007,2546.849274,0.479618131,0.97474846
16-12-2025 14:38,86279.11,0.02471,2926.82,0.0124,2546.849274,1.049404828,0.981545676
16-12-2025 14:38,86279.1065,0.30533,2926.838261,7.6918,2546.323356,0.966407097,0.984256
16-12-2025 14:38,86279.10833,0.07312,2927.120154,1.2936,2538.260622,0.337597158,0.986455965
16-12-2025 19:50,86960.43768,0.13307,2927.37,0.5387,3212.44222,5.713065671,0.126211623
16-12-2025 19:50,86961.99929,0.09757,2927.37,0.1492,3214.003823,3.996858519,0.027440121
16-12-2025 19:50,86961.99905,0.11361,2927.379556,0.4258,3213.730213,3.214723407,-0.021342367
16-12-2025 19:50,86961.995,0.3154,2927.375,0.0748,3213.856494,2.741842676,-0.050078611
16-12-2025 19:50,86964.60425,0.62254,2927.376667,0.0296,3216.418058,2.421623256,-0.066547466
16-12-2025 19:50,86969.286,0.16,2927.38,0.0472,3221.004451,2.187408969,-0.075221499
16-12-2025 19:50,86971.20346,0.2097,2927.652315,8.0994,3215.131366,1.969646684,-0.059955617
16-12-2025 19:50,86983.62933,1.14094,2928.080619,0.6384,3215.304025,1.809995989,-0.01030604
16-12-2025 19:50,86989.99429,0.16826,2928.185571,8.3214,3218.666455,1.684677032,0.058058369
16-12-2025 19:50,86999.61873,0.8519,2928.785879,81.9856,3211.116939,1.544746229,0.175646865
16-12-2025 19:50,87011.76145,0.18542,2929.338966,0.725,3207.436616,1.433259909,0.334331822
16-12-2025 19:51,87012.50864,0.19646,2929.529026,7.7564,3202.746449,1.330968572,0.475158422
16-12-2025 19:51,87013.65846,0.25899,2929.826291,8.8278,3195.391909,1.230967865,0.559796438
16-12-2025 19:51,87016.04572,0.34773,2930.487429,154.908,3178.86495,1.113662143,0.595089127
16-12-2025 19:51,87018.30288,1.22096,2930.409071,10.4448,3183.363805,1.063979283,0.614661873
16-12-2025 19:51,87008.794,1.40924,2929.608527,77.5468,3196.757387,1.042259535,0.646076025
16-12-2025 19:51,86994.88064,0.98492,2929.262727,38.4792,3192.736878,0.97304327,0.672209329
16-12-2025 19:51,86981.11295,2.83876,2928.772545,18.8752,3192.99261,0.919654757,0.715416578
16-12-2025 19:51,86986.29356,0.82104,2929.212248,27.1684,3185.593944,0.84699852,0.740108712
16-12-2025 19:51,86985.82322,2.01588,2929.206626,163.2628,3185.284453,0.797601199,0.752318827
16-12-2025 19:51,86977.09061,0.32156,2929.02,0.4112,3181.890932,0.740889387,0.760308355
16-12-2025 19:51,86977.44384,0.59704,2929.02,0.136,3182.244161,0.696790405,0.760431536
16-12-2025 19:51,86984.60103,0.39612,2929.199835,3.354,3184.256538,0.658673382,0.756569969
16-12-2025 19:51,86988.21429,0.34552,2929.36,0.2364,3183.287683,0.612004146,0.750750734
16-12-2025 19:51,86991.56205,0.90716,2929.605433,9.2536,3179.613938,0.556973624,0.744067611
16-12-2025 19:51,86996.08429,0.3254,2929.843667,2.4044,3177.32065,0.506138026,0.735876793
16-12-2025 19:51,86996.085,0.32,2929.85,8.2068,3177.140177,0.461828695,0.723672087
16-12-2025 19:51,86996.08571,0.3282,2929.84,0.0132,3177.426977,0.418178272,0.706986274
16-12-2025 19:51,86996.08927,0.32872,2929.84,0.08,3177.430531,0.371785993,0.686491745
16-12-2025 19:51,86997.17663,0.50356,2929.796423,12.0512,3179.764562,0.332411866,0.661244305
16-12-2025 19:51,86997.53333,0.32,2929.69,0.4,3183.165888,0.295230516,0.628801729
16-12-2025 19:51,86997.53625,0.60312,2929.7,1.228,3182.882719,0.235620158,0.585004507
16-12-2025 19:51,86997.535,0.32,2929.721875,0.898,3182.255655,0.161561891,0.522596433
16-12-2025 19:51,86997.53103,0.32456,2929.702047,6.354,3182.818934,0.06537054,0.428280006
16-12-2025 19:51,86997.535,0.333,2929.45,1.5292,3190.033622,-0.269257076,0.878286105
16-12-2025 19:51,86997.53444,0.72112,2929.75487,24.528,3181.311171,-0.794889613,0.865880762
16-12-2025 19:51,86997.53629,0.322,2930.102281,0.7352,3171.374066,-1.376590743,0.846284842
16-12-2025 19:51,86987.80282,17.0292,2929.425292,48.4728,3181.008311,-0.689179946,0.820053747
16-12-2025 19:51,86980.35667,0.3224,2929.09,4.9352,3183.154389,-0.499229437,0.783760795
16-12-2025 19:51,86980.51406,0.9452,2929.363258,15.2136,3175.494236,-0.997693276,0.728744085
16-12-2025 19:51,86985.61065,0.34176,2929.871538,1.2496,3166.049643,-1.656365773,0.656503866
16-12-2025 19:51,86986.449,3.6354,2929.99,0.438,3163.498971,-1.781915942,0.561710086
16-12-2025 19:51,86986.445,0.32,2929.843797,2.6156,3167.677622,-1.422580372,0.529786952
16-12-2025 19:51,86975.14583,5.435,2929.210223,29.3024,3174.504145,-0.847821397,0.586181816
16-12-2025 19:51,86958.07579,2.40148,2928.130642,117.5696,3188.319421,0.600819181,0.740138218
16-12-2025 19:51,86947.124,0.32024,2928.111649,3.158,3177.910974,-0.477279937,0.839634675
16-12-2025 19:51,86947.126,0.32104,2928.438113,18.0964,3168.5733,-1.586609376,0.878628934
16-12-2025 19:51,86947.12714,0.50472,2928.506,3.7048,3166.632295,-1.743618495,0.891843803
16-12-2025 19:51,86947.12556,0.3562,2928.552105,213.5224,3165.3117,-1.774254706,0.885553621
16-12-2025 19:51,86947.12333,0.34684,2928.65122,35.492,3162.473957,-1.936878234,0.873296065
16-12-2025 19:51,86947.12114,0.32,2928.81102,1.9452,3157.900085,-2.297915261,0.875334384
16-12-2025 19:51,86947.12091,0.3346,2928.59,0.0168,3164.222938,-1.496111712,0.889033209
16-12-2025 19:51,86947.12227,0.6402,2928.609149,1.9728,3163.676477,-1.489953101,0.905662831
16-12-2025 19:51,86947.12125,0.3682,2928.8,0.0152,3158.21547,-1.954796077,0.905962116
16-12-2025 19:51,86947.12048,0.92672,2928.8,24.22,3158.214704,-1.806296871,0.907321407
16-12-2025 19:51,86947.86239,0.71704,2928.803967,11.2248,3158.843119,-1.613687768,0.908758253
16-12-2025 19:51,86952.37333,0.33196,2928.880941,4.7484,3161.151939,-1.287318208,0.911378015
16-12-2025 19:51,86952.37667,0.3202,2929.006905,1.869,3157.551629,-1.553634473,0.911456091
16-12-2025 19:51,86952.374,0.3292,2929.14274,15.0828,3153.662893,-1.802522287,0.905793518
16-12-2025 19:51,86952.37833,0.83192,2929.34,0.0693,3148.023903,-2.127998763,0.888510588
16-12-2025 19:51,86952.37333,0.32188,2929.418864,3.3954,3145.762723,-2.10781294,0.864738103
16-12-2025 19:51,86952.37625,0.39892,2929.65,0.051,3139.153149,-2.369600505,0.825208216
16-12-2025 19:51,86952.37941,0.3204,2929.65,2.2527,3139.156311,-2.133856483,0.785831617
16-12-2025 19:51,86953.94935,0.72692,2929.750211,3.0171,3137.859343,-2.024007525,0.742062381
16-12-2025 19:51,86956.005,0.44,2929.99,0.0711,3133.054971,-2.131813527,0.68699835
16-12-2025 19:51,86956.00234,0.32,2929.897365,1.9137,3135.702477,-1.810833802,0.646481296
16-12-2025 19:52,86954.03319,1.96744,2929.68,3.051,3139.951834,-1.446349226,0.61653042
16-12-2025 19:52,86952.35516,1.03892,2929.605747,23.3517,3140.398077,-1.336530703,0.586891169
16-12-2025 19:52,86952.3516,0.24144,2929.37,1.7826,3147.138911,-0.862808873,0.568623938
16-12-2025 19:52,86940.70766,2.40252,2929.322079,25.5873,3136.865917,-1.454885076,0.563106459
16-12-2025 19:52,86931.22161,0.376,2929.541791,8.376,3121.094215,-2.255269537,0.490246336
16-12-2025 19:52,86933.51202,0.54732,2929.869885,2.2542,3113.998309,-2.387024244,0.344469201
16-12-2025 19:52,86929.09886,0.51324,2929.62,1.8471,3116.734019,-2.051348501,0.283178293
16-12-2025 19:52,86922.17603,3.94512,2929.47254,10.3791,3114.029827,-2.03735984,0.258282057
16-12-2025 19:52,86914.93286,0.24,2929.223333,0.0402,3113.916098,-1.887092874,0.232171167
16-12-2025 19:52,86914.935,0.74445,2929.22,0.0237,3114.013603,-1.738145346,0.148282465
16-12-2025 19:52,86914.93941,0.24,2929.224805,8.5743,3113.880545,-1.619467184,0.030539098
16-12-2025 19:52,86914.93065,0.24,2929.22,29.9094,3114.009248,-1.507457148,-0.091752589
16-12-2025 19:52,86914.936,0.24093,2929.284729,25.1922,3112.162805,-1.501007058,-0.11766535
16-12-2025 19:52,86924.982,0.80667,2929.772075,27.2334,3108.266501,-1.623925279,-0.09673807
16-12-2025 19:52,86947.61418,0.62268,2930.616561,4.2922,3106.739121,-1.612467079,-0.035489923
16-12-2025 19:52,86959.92463,0.35937,2931.380315,18.4228,3097.199599,-1.924722946,0.112975388
16-12-2025 19:52,86975.5584,1.01337,2932.203783,9.9546,3089.27511,-2.105692814,0.328799345
16-12-2025 19:52,86988.97397,0.72948,2932.826938,4.8025,3084.863081,-2.108807128,0.520735231
16-12-2025 19:56,86803.92784,0.87676,2928.894286,0.1633,3012.324677,-3.865272859,0.416472781
16-12-2025 19:56,86799.02167,0.08,2928.89,0.0452,3007.541112,-3.248132076,0.411987602
16-12-2025 19:56,86799.02381,0.18765,2928.79084,1.9572,3010.380075,-2.731711225,0.442273553
16-12-2025 19:56,86799.02061,0.12447,2928.445962,0.2713,3020.243382,-2.236415981,0.500812129
16-12-2025 19:56,86798.66135,0.11819,2928.233333,0.8917,3025.967114,-1.926503871,0.559502354
16-12-2025 19:56,86792.70395,0.24497,2927.957644,2.2165,3027.896807,-1.743462467,0.621063512
16-12-2025 19:56,86788.93909,0.13107,2927.636526,1.2912,3033.318694,-1.520966159,0.681416903
16-12-2025 19:56,86791.99967,0.10162,2927.955957,0.3172,3027.240779,-1.544715916,0.724049728
16-12-2025 19:56,86789.90388,0.65843,2928.225299,0.6976,3017.439494,-1.63210323,0.752746436
16-12-2025 19:56,86788.49411,0.20246,2928.540167,0.637,3007.021804,-1.714696117,0.768700188
16-12-2025 19:57,86811.15034,0.48423,2929.340927,6.12,3006.769386,-1.603696865,0.763951839
16-12-2025 19:57,86829.2684,0.14125,2930.03,0.0505,3005.174026,-1.529124546,0.745141794
16-12-2025 19:57,86829.27542,0.053,2930.071765,28.2769,3003.986218,-1.453815746,0.72350874
16-12-2025 19:57,86824.95234,1.06803,2929.741015,2.5802,3009.125439,-1.27799823,0.713255939
16-12-2025 19:57,86828.64565,0.85076,2930.051667,2.9329,3003.931424,-1.295598914,0.695720359
16-12-2025 19:57,86842.246,0.1602,2930.061429,0.5488,3017.252498,-0.989696708,0.680767057
16-12-2025 19:57,86842.24667,0.16028,2930.07,0.0068,3017.007948,-0.939935165,0.669370774
16-12-2025 19:57,86842.24829,0.49208,2930.087075,8.7126,3016.521069,-0.898037763,0.665268189
16-12-2025 19:57,86843.46265,0.26638,2930.254578,1.4278,3012.943397,-0.916356662,0.662835781
16-12-2025 19:57,86847.98929,0.16,2930.329389,3.2632,3015.329799,-0.82506702,0.673141324
16-12-2025 19:57,86847.98929,0.20738,2930.49,0.1676,3010.73495,-0.872187064,0.681468409
16-12-2025 19:57,86847.98048,0.22186,2930.496667,1.0204,3010.535416,-0.828224659,0.682918942
16-12-2025 19:57,86847.98136,0.16602,2930.49,0.0136,3010.727028,-0.776956774,0.679357349
16-12-2025 19:57,86847.984,0.16142,2930.49,11.9236,3010.729664,-0.731746923,0.684931877
16-12-2025 19:57,86847.9457,0.7354,2930.451194,5.9598,3011.801546,-0.663548086,0.696522017
16-12-2025 19:57,86842.92908,0.21336,2930.094917,2.206,3016.977534,-0.498935338,0.719388737
16-12-2025 19:57,86838.71809,1.25018,2930.082184,7.8598,3013.130809,-0.550038712,0.745522465
16-12-2025 19:57,86845.354,0.16054,2930.49,0.0136,3008.099664,-0.639591073,0.773114516
16-12-2025 19:57,86845.356,0.16026,2930.49,0.0136,3008.101664,-0.60204597,0.806599456
16-12-2025 19:57,86840.95114,0.91824,2930.127725,10.842,3014.060982,-0.379313496,0.845939828
16-12-2025 19:57,86832.95646,0.13052,2929.654,0.024,3019.618923,-0.130303936,0.880075143
16-12-2025 19:57,86830.04441,0.30736,2929.559752,4.8244,3019.403177,-0.054583994,0.904314315
16-12-2025 19:57,86818.05796,0.34706,2929.36,0.024,3013.13136,-0.276027591,0.917572435
16-12-2025 19:57,86816.18005,0.98362,2929.60564,13.8248,3004.226019,-0.830733971,0.92097561
16-12-2025 19:57,86826.83429,0.16956,2930.09,2.541,3001.023395,-1.672393613,0.960751625
16-12-2025 19:57,86830.57913,0.27502,2930.291503,5.825,2999.003504,-1.798971742,0.956494774
16-12-2025 19:57,86838.70895,0.26658,2930.490606,3.7702,3001.437273,-1.42945456,0.956524437
16-12-2025 19:57,86840.06983,0.38152,2930.573542,3.0252,3000.425481,-1.471880176,0.95512223
16-12-2025 19:57,86842.08552,0.10622,2930.7,0.0034,2998.823373,-1.552926569,0.950706941
16-12-2025 19:57,86847.86664,0.6834,2930.912802,51.152,2998.516516,-1.507863443,0.947277777
16-12-2025 19:57,86857.74095,0.16698,2931.15,9.4274,3001.604932,-1.0993936,0.944225811
16-12-2025 19:57,86857.74176,0.16754,2931.15,4.421,3001.605744,-1.114396226,0.940641015
16-12-2025 19:57,86857.7485,0.1606,2931.159792,1.3362,3001.332354,-1.140653654,0.93396238
16-12-2025 19:57,86849.14236,1.15364,2930.792088,17.882,3003.245718,-0.79970628,0.91278563
16-12-2025 19:57,86836.83909,1.26206,2930.566591,0.8118,2997.393596,-1.602972953,0.866528686
16-12-2025 19:57,86836.83818,0.2022,2930.569583,2.2114,2997.307077,-1.520265881,0.835718742
16-12-2025 19:57,86836.83882,0.16486,2930.57,0.0102,2997.295799,-1.444795917,0.823571062
16-12-2025 19:57,86836.8325,0.2217,2930.446078,3.1092,3000.834699,-0.927859411,0.818208084
16-12-2025 19:57,86833.20775,0.90472,2930.163627,2.4916,3005.290484,-0.294172016,0.806832854
16-12-2025 19:57,86825.22835,0.32524,2930.155,1.355,2997.557898,-1.310629821,0.794738993
16-12-2025 19:57,86828.60667,0.18348,2930.482459,8.3798,2991.568068,-1.95739502,0.777539385
16-12-2025 19:57,86831.42041,0.67984,2930.88269,7.0706,2982.931745,-2.694967476,0.734876671
16-12-2025 19:57,86835.98835,0.20338,2930.98,0.668,2984.715797,-2.24449626,0.710850511
16-12-2025 19:57,86839.01667,0.27726,2930.99,0.1554,2987.458025,-1.785368397,0.698555424
16-12-2025 19:57,86839.01556,0.17022,2930.983333,0.2118,2987.647637,-1.647396993,0.696503018
16-12-2025 19:57,86840.1463,0.23878,2931.008,9.1898,2988.072703,-1.495315558,0.691366755
16-12-2025 19:57,86844.91276,0.24518,2931.075,0.4642,2990.922384,-1.130470474,0.700338578
16-12-2025 19:57,86846.8492,0.16044,2931.14,0.7508,2990.999266,-1.059591927,0.715095645
16-12-2025 19:57,86853.01382,3.1846,2931.231429,6.2628,2994.548246,-0.652959619,0.741113306
16-12-2025 19:57,86860.1112,0.4184,2931.359474,0.1568,2997.982428,-0.261725978,0.774491074
16-12-2025 19:57,86865.85174,0.5249,2931.36,4.4704,3003.70791,0.399550102,0.805421968
16-12-2025 19:57,86865.856,0.16762,2931.35,0.0056,3003.998257,0.473902632,0.822124028
16-12-2025 19:57,86865.85265,0.7349,2931.3595,0.2272,3003.723122,0.46159308,0.834985133
16-12-2025 19:58,86888.28374,1.18098,2932.429025,48.0766,2995.556588,-0.439322755,0.878520075
16-12-2025 19:58,86910.07899,0.30018,2933.057017,7.9406,2999.385873,0.056292957,0.920573407
16-12-2025 19:58,86919.5478,0.58911,2933.106338,4.6263,3007.443653,1.173629168,0.945517434
16-12-2025 19:58,86934.74333,0.2544,2933.43875,0.8121,3013.12935,2.072462637,0.964559415
16-12-2025 19:58,86933.54509,2.69976,2933.49,0.03,3010.464918,1.745181427,0.975364365
16-12-2025 19:58,86928.652,0.24147,2933.290497,23.1354,3011.279323,1.764086727,0.979268712
16-12-2025 19:58,86928.65571,0.24,2933.128462,15.8928,3015.918654,2.175955691,0.980797661
16-12-2025 19:58,86928.65456,0.40213,2933.315794,2.0925,3010.558189,1.402639651,0.98267428
16-12-2025 19:58,86928.65896,0.32704,2933.5,0.466,3005.292698,0.729145381,0.984395905
16-12-2025 19:58,86928.65571,0.32212,2933.358162,12.3772,3009.347249,1.173307035,0.985722214
16-12-2025 19:58,86928.65115,0.32884,2933.043375,4.714,3018.348301,2.049987609,0.985398902
16-12-2025 19:58,86928.65901,0.4768,2933.008182,9.3592,3019.362989,1.971177647,0.984933879
16-12-2025 19:58,86931.63981,0.46248,2933.0885,9.4988,3020.045989,1.878747339,0.984819152
16-12-2025 19:58,86936.564,0.34324,2933.223333,10.032,3021.112789,1.829492671,0.984868589
16-12-2025 19:58,86935.47382,2.85896,2933.297171,84.164,3017.910225,1.433118681,0.98535567
16-12-2025 19:58,86931.58065,0.37268,2933.206387,5.912,3016.614249,1.248158168,0.9860474
16-12-2025 19:58,86936.565,0.32124,2933.422696,1.4024,3015.410309,1.077957753,0.986318455
16-12-2025 19:58,86936.565,0.3204,2933.11,0.0156,3024.356098,1.726457394,0.985229018
16-12-2025 19:58,86928.00728,13.90635,2933.005915,28.6504,3018.776096,1.180797667,0.984709174
16-12-2025 19:58,86928.44044,1.67145,2933.385907,40.9145,3008.338235,0.291308427,0.984868068
16-12-2025 19:58,86935.83917,0.428,2934.002,1.5215,2998.111382,-0.543366351,0.983568105
16-12-2025 19:58,86940.82905,1.06035,2934.01,1.256,3002.872398,-0.160867642,0.981815489
16-12-2025 19:58,86951.88807,6.60415,2934.169716,83.73,3009.362156,0.344792239,0.980351928
16-12-2025 19:58,86962.09118,0.4034,2934.533654,3.096,3009.153513,0.278771093,0.979493557
16-12-2025 19:58,86962.09286,0.4121,2934.693606,30.874,3004.579186,-0.194940252,0.977680928
16-12-2025 19:58,86971.08638,1.8696,2935.291,87.879,2996.482091,-1.029438427,0.972840484
16-12-2025 19:58,86989.25699,0.64595,2936.272885,58.7555,2986.562335,-1.996126592,0.965607165
16-12-2025 19:58,86974.39436,155.11165,2935.783093,50.7855,2985.711982,-2.045940255,0.960857886
16-12-2025 19:58,86967.87612,0.61201,2935.506545,1.6395,2987.105379,-1.865393994,0.957373049
16-12-2025 19:58,86972.10032,2.624,2935.469487,16.1835,2992.389765,-1.373090429,0.957324311
16-12-2025 19:58,86972.10048,0.36676,2935.322432,2.327,2996.596951,-0.981461038,0.957937987
16-12-2025 19:58,86972.09205,0.3,2935.140263,7.0125,3001.800137,-0.4936448,0.95840117
16-12-2025 19:58,86972.09667,0.25605,2935.036233,3.3645,3004.780914,-0.207138762,0.956549984
16-12-2025 19:58,86982.44354,0.7614,2935.188936,103.6635,3010.759176,0.355208294,0.95320075
16-12-2025 19:58,87000.62125,6.20976,2935.611377,21.502,3016.851423,0.901018815,0.946541466
16-12-2025 19:58,87006.685,0.24309,2935.87,2.1465,3015.516326,0.726679804,0.950330963
16-12-2025 19:58,87002.43337,1.15512,2935.819078,24.382,3012.7215,0.421039242,0.953501213
16-12-2025 19:58,86994.495,0.16,2935.710769,1.406,3007.881698,-0.055077634,0.954691436
16-12-2025 19:58,86987.59464,0.2892,2935.317778,27.7685,3012.224281,0.37400441,0.9539465
16-12-2025 19:58,86980.585,0.16,2934.99,3.7716,3014.591906,0.592204465,0.952220827
16-12-2025 19:58,86978.63433,1.12468,2934.933585,15.488,3014.255189,0.54904778,0.950031702
16-12-2025 19:58,86973.98936,0.15046,2934.487053,9.6078,3022.384895,1.298893106,0.943987271
16-12-2025 19:58,86972.00667,0.16244,2933.98,0.2394,3034.908272,2.239094871,0.929617396
16-12-2025 19:58,86972.00333,0.16444,2933.981667,0.0154,3034.857257,2.025737041,0.917100851
16-12-2025 19:58,86966.37179,2.2285,2933.757208,20.3345,3035.64718,1.913368393,0.903736884
16-12-2025 19:58,86959.32136,0.16394,2933.49,0.334,3036.241189,1.828880666,0.889052568
16-12-2025 19:58,86958.98755,0.13646,2933.450648,2.0926,3037.033178,1.769243141,0.872917152
16-12-2025 19:58,86955.4004,0.75189,2933.155238,1.8789,3041.897303,1.956063227,0.855391688
16-12-2025 19:58,86952.78778,0.08415,2932.993333,0.0481,3043.916548,1.937239484,0.840545346
16-12-2025 19:58,86952.785,0.08,2932.995,0.0069,3043.866089,1.794832649,0.827697204
16-12-2025 19:58,86952.78,0.02247,2933.151838,5.291,3039.374164,1.437740102,0.817645563
16-12-2025 20:01,86969.01117,0.35805,2933.150926,61.5811,3055.63143,2.15212019,0.786854163
16-12-2025 20:01,86990.01,0.09342,2933.590574,32.112,3064.052549,2.334832875,0.720199856
16-12-2025 20:01,86995.38824,0.66264,2933.865449,7.3945,3061.566996,2.014367904,0.64619167
16-12-2025 20:01,87004.95151,0.13072,2933.090277,69.4936,3093.306867,2.919639602,0.502652978
16-12-2025 20:01,87007.05549,1.51734,2932.768931,7.428,3104.604086,2.857261861,0.369018514
16-12-2025 20:01,87004.10696,0.18591,2932.865182,3.6226,3098.901969,2.353809563,0.268057763
16-12-2025 20:01,87016.84599,0.23738,2933.931104,1.9828,3081.146442,1.646011876,0.215506045
16-12-2025 20:01,87036.38941,0.16945,2935.181801,2.991,3064.909156,1.074812104,0.249073616
16-12-2025 20:01,87080.99511,0.73347,2935.68529,2.7564,3095.110741,1.844117292,0.317434807
16-12-2025 20:01,87087.5762,0.13392,2936.489185,16.107,3078.693514,1.279420902,0.431222658
16-12-2025 20:01,87084.66216,0.26978,2936.428713,0.5912,3077.509482,1.180319579,0.511611271
16-12-2025 20:01,87093.16975,0.41508,2936.720952,1.8352,3077.656513,1.126552747,0.598263435
16-12-2025 20:01,87105.51017,1.45762,2936.389697,18.1942,3099.473685,1.68079814,0.656038226
16-12-2025 20:01,87112.36205,2.01388,2936.661769,6.6808,3098.541956,1.559809037,0.709599354
16-12-2025 20:01,87117.34602,0.17226,2937.310989,13.4666,3084.952647,1.094554953,0.76349556
16-12-2025 20:01,87122.4639,0.63884,2937.52981,1.0402,3083.810376,1.005155831,0.804823484
16-12-2025 20:01,87134.14809,0.24278,2937.778434,1.4998,3088.381771,1.088536708,0.838619699
16-12-2025 20:01,87149.45263,1.01332,2938.834278,20.5361,3073.480062,0.576402891,0.869764286
16-12-2025 20:01,87156.40388,0.22774,2938.902051,1.0791,3078.492427,0.692782373,0.893201977
16-12-2025 20:01,87139.91401,0.22655,2938.56,0.1939,3071.788166,0.431597009,0.909558493
16-12-2025 20:01,87142.22424,0.11556,2938.664359,0.0943,3071.112829,0.365662152,0.92408555
16-12-2025 20:01,87159.86412,1.47897,2939.866357,6.2766,3054.365213,-0.279532712,0.936935087
16-12-2025 20:01,87173.39392,0.08167,2940.628457,1.78,3046.092375,-0.649362174,0.945415873
16-12-2025 20:01,87180.75439,0.09961,2941.166623,6.5709,3038.056667,-1.024744347,0.951164198
16-12-2025 20:10,87169.88251,0.38278,2938.082939,18.9727,3115.404718,1.964319834,0.954014242
16-12-2025 20:10,87143.45676,0.22292,2936.93061,3.1311,3121.945514,2.071563447,0.952363706
16-12-2025 20:10,87128.30044,0.856,2936.24039,5.7601,3126.535438,2.064055869,0.946974562
16-12-2025 20:10,87120.21682,0.77688,2936.112109,36.7454,3122.121746,1.768851024,0.942880199
16-12-2025 20:10,87124.81741,1.42742,2936.014444,0.9482,3129.516383,1.895373178,0.937008955
16-12-2025 20:10,87119.67265,0.50656,2936.204737,2.0794,3118.927617,1.430109324,0.933255062
16-12-2025 20:11,87106.88311,2.56952,2935.705327,24.2208,3120.425509,1.406914846,0.928890873
16-12-2025 20:11,87104.43249,0.57378,2935.094989,35.7876,3135.435814,1.821113585,0.919221387
16-12-2025 20:11,87099.34214,0.18398,2934.973507,75.8536,3133.820887,1.654465347,0.909361226
16-12-2025 20:11,87097.87671,1.17106,2934.494543,20.4871,3146.057939,1.938363814,0.896040389
16-12-2025 20:11,87093.57099,0.55688,2934.330571,11.47,3146.443232,1.836565147,0.887098692
16-12-2025 20:11,87096.97315,0.80698,2934.181478,8.6667,3154.11075,1.935927997,0.873205047
16-12-2025 20:11,87088.82723,1.2607,2933.813585,28.2353,3156.489739,1.855780149,0.86269513
16-12-2025 20:11,87069.21636,3.72397,2932.302914,17.1649,3180.097076,2.33722632,0.857858762
16-12-2025 20:11,87050.00926,0.16296,2931.692174,24.3204,3178.362395,2.06674219,0.854718936
16-12-2025 20:11,87057.66868,0.9468,2932.065556,14.3581,3175.339888,1.826074201,0.851068604
16-12-2025 20:11,87064.42871,1.39308,2932.826916,23.1389,3160.318457,1.344265658,0.85644593
16-12-2025 20:11,87072.58452,0.09207,2933.305811,4.7479,3154.773739,1.133029831,0.88077055
16-12-2025 20:11,87072.64837,0.26536,2933.335286,21.1603,3153.994359,1.052127565,0.92133815
16-12-2025 20:11,87074.16733,0.08032,2933.257931,3.6911,3157.72633,1.085269908,0.930883092
16-12-2025 20:11,87084.34734,0.09991,2933.681057,17.6256,3155.80128,0.979237863,0.943001649
16-12-2025 20:11,87101.65417,0.07501,2934.723636,12.0557,3143.281368,0.623465886,0.956249473
16-12-2025 20:12,87214.36587,0.09598,2936.96,1.4563,3192.013808,1.721614382,0.892963573
16-12-2025 20:12,87210.0993,0.1257,2936.943333,1.4649,3188.224051,1.517641195,0.850587112
16-12-2025 20:12,87205.27765,0.16085,2936.750294,0.3966,3188.92498,1.434528065,0.820996618
16-12-2025 20:12,87194.27961,0.14873,2936.270615,4.2776,3191.649881,1.404167704,0.801169363
16-12-2025 20:12,87183.40214,0.08858,2935.919535,0.6192,3190.816345,1.303322475,0.787584172
16-12-2025 20:12,87179.93957,0.07899,2935.805551,2.1593,3190.614683,1.223597366,0.774715935
16-12-2025 20:12,87158.81936,0.12833,2934.839837,6.2948,3197.12223,1.296374125,0.762796274
16-12-2025 20:12,87138.98761,0.14818,2933.994894,2.7639,3201.463127,1.318382861,0.751063534
16-12-2025 20:12,87129.8808,0.08323,2933.786061,0.6028,3198.330742,1.188400923,0.751790799
16-12-2025 20:12,87129.88932,0.081,2933.554242,0.4607,3204.971257,1.281978426,0.752225266
16-12-2025 20:12,87127.73432,0.2747,2933.399421,2.1701,3207.24548,1.306247594,0.753210344
16-12-2025 20:12,87122.63322,0.10211,2933.04,0.1183,3212.426918,1.446463717,0.754527552
16-12-2025 20:12,87116.82167,0.09608,2932.922356,2.6396,3209.98099,1.477050231,0.773904125
16-12-2025 20:20,87489.91607,16.46041,2946.787632,4.5281,3186.409096,0.665970755,0.922189392
16-12-2025 20:20,87518.49201,0.41296,2947.130124,45.9903,3205.18681,1.232470558,0.957051833
16-12-2025 20:20,87552.34392,3.07399,2948.431255,24.5769,3201.815155,1.06057889,0.972795451
16-12-2025 20:20,87540.12702,0.50379,2947.848052,13.8043,3206.282886,1.160277135,0.980696875
16-12-2025 20:20,87508.05971,1.70981,2946.260518,28.6361,3219.632738,1.54364493,0.984486642
16-12-2025 20:20,87475.84998,1.76136,2944.950633,6.2231,3224.897002,1.660782146,0.987597887
16-12-2025 20:20,87468.02935,1.43848,2945.36462,34.5027,3205.232763,0.913090348,0.990378223
16-12-2025 20:20,87463.96798,0.08901,2944.844118,10.3884,3216.06225,1.274056888,0.991819664
16-12-2025 20:20,87451.55679,0.19838,2944.195702,10.766,3222.201324,1.460233483,0.993033288
16-12-2025 20:20,87450.15328,0.12713,2943.883305,2.8372,3229.735061,1.668053157,0.993514774
16-12-2025 20:20,87451.65753,0.11332,2944.067273,0.4421,3225.976256,1.443334074,0.994074679
16-12-2025 20:20,87450.43258,0.05345,2943.841833,0.5311,3231.200812,1.565368941,0.994299565
16-12-2025 20:20,87443.40727,0.18819,2943.597744,4.9466,3231.158548,1.478432961,0.994426948
16-12-2025 20:20,87419.31011,1.26894,2942.55,4.8694,3237.035902,1.598651862,0.993944875
16-12-2025 20:20,87387.85577,1.23358,2941.34132,7.6432,3240.160212,1.601065183,0.993149941
16-12-2025 20:20,87373.14476,8.63958,2940.917437,6.3136,3237.575904,1.406319811,0.992354048
16-12-2025 20:20,87373.64731,0.31526,2941.225728,10.085,3229.258682,1.036072612,0.99203325
16-12-2025 20:20,87371.68601,0.34386,2941.039843,2.6018,3232.615313,1.11910395,0.991877806
16-12-2025 20:20,87387.68225,0.22688,2941.441455,2.2802,3237.121987,1.257551088,0.991766033
16-12-2025 20:20,87391.4549,0.55574,2941.65,0.168,3234.928447,1.128082764,0.991687669
16-12-2025 20:20,87401.58603,2.31278,2942.186269,7.2592,3229.717652,0.872886821,0.992104965
16-12-2025 20:20,87423.81049,0.38527,2943.071042,5.8254,3226.629998,0.736287547,0.994029864
16-12-2025 20:20,87423.43601,0.39009,2943.067469,49.1565,3226.357738,0.675858615,0.994099734
16-12-2025 20:20,87432.62536,0.30102,2943.316,1.5003,3228.43695,0.752326857,0.994273836
,,,,,,,
,,,,,,,
,,,,,,,
,,,,,,,
,,,,,,,
,,,,,,,
,,,,,,,
,,,,,,,
,,,,,,,
,,,,,,,
,,,,,,,
,,,,,,,
,,,,,,,
,,,,,,,
,,,,,,,
,,,,,,,
,,,,,,,
,,,,,,,
,,,,,,,
,,,,,,,
,,,,,,,
,,,,,,,
,,,,,,,
,,,,,,,
,,,,,,,
,,,,,,,
,,,,,,,
,,,,,,,
,,,,,,,
,,,,,,,
,,,,,,,
,,,,,,,
,,,,,,,
,,,,,,,
,,,,,,,
,,,,,,,
,,,,,,,
,,,,,,,
,,,,,,,
,,,,,,,
,,,,,,,
,,,,,,,
,,,,,,,
,,,,,,,
,,,,,,,
,,,,,,,
,,,,,,,
,,,,,,,
,,,,,,,
,,,,,,,
,,,,,,,
,,,,,,,
,,,,,,,
,,,,,,,
,,,,,,,
,,,,,,,
,,,,,,,
,,,,,,,
,,,,,,,
,,,,,,,
,,,,,,,
,,,,,,,
,,,,,,,
,,,,,,,
,,,,,,,
,,,,,,,
,,,,,,,
,,,,,,,
,,,,,,,
,,,,,,,
,,,,,,,
,,,,,,,
,,,,,,,
,,,,,,,
,,,,,,,
,,,,,,,
,,,,,,,
,,,,,,,
,,,,,,,
,,,,,,,
,,,,,,,
,,,,,,,
,,,,,,,
,,,,,,,
,,,,,,,
,,,,,,,
,,,,,,,
,,,,,,,
,,,,,,,
,,,,,,,
,,,,,,,
,,,,,,,
,,,,,,,
,,,,,,,
,,,,,,,
,,,,,,,
,,,,,,,
,,,,,,,
,,,,,,,
,,,,,,,
,,,,,,,
,,,,,,,
,,,,,,,
,,,,,,,
,,,,,,,
,,,,,,,
,,,,,,,
,,,,,,,
,,,,,,,
,,,,,,,
,,,,,,,
,,,,,,,
,,,,,,,
,,,,,,,
,,,,,,,
,,,,,,,
,,,,,,,
,,,,,,,
,,,,,,,
,,,,,,,
,,,,,,,
,,,,,,,
,,,,,,,
,,,,,,,
,,,,,,,
,,,,,,,
,,,,,,,
,,,,,,,
,,,,,,,
,,,,,,,
,,,,,,,
,,,,,,,
,,,,,,,
,,,,,,,
,,,,,,,
,,,,,,,
,,,,,,,
,,,,,,,
,,,,,,,
,,,,,,,
,,,,,,,
,,,,,,,
,,,,,,,
,,,,,,,
,,,,,,,
,,,,,,,
,,,,,,,
,,,,,,,
,,,,,,,
,,,,,,,
,,,,,,,
,,,,,,,
,,,,,,,
,,,,,,,
,,,,,,,
,,,,,,,
,,,,,,,
,,,,,,,
,,,,,,,
,,,,,,,
,,,,,,,
,,,,,,,
,,,,,,,
,,,,,,,
,,,,,,,
,,,,,,,
,,,,,,,
,,,,,,,
,,,,,,,
,,,,,,,
,,,,,,,
,,,,,,,
,,,,,,,
,,,,,,,
,,,,,,,
,,,,,,,
,,,,,,,
,,,,,,,
,,,,,,,
,,,,,,,
,,,,,,,
,,,,,,,
,,,,,,,
,,,,,,,
,,,,,,,
,,,,,,,
,,,,,,,
,,,,,,,
,,,,,,,
,,,,,,,
,,,,,,,
,,,,,,,
,,,,,,,
,,,,,,,
,,,,,,,
,,,,,,,
